{"cameraMode":{"drawMode":0,"name":"Shaded","section":"Shading Mode"},"sceneLighting":true,"audioPlay":false,"sceneViewState":{"m_AlwaysRefresh":false,"showFog":true,"showSkybox":true,"showFlares":true,"showImageEffects":true,"showParticleSystems":true,"showVisualEffectGraphs":true,"m_FxEnabled":true},"in2DMode":false,"pivot":{"x":-2.1908223628997804,"y":-0.22929978370666505,"z":-5.681048393249512},"rotation":{"x":0.025669243186712266,"y":-0.9740228652954102,"z":0.146022766828537,"w":0.17120228707790376},"size":3.764735698699951,"orthographic":false}